new,reviewer,id,full_text_file,doi,title,what species is the focus?,what lifestage is the focus?, where is the study located? ,what kinds of cover are described?,how is cover quantified?,"how is habitat use by fish measured (e.g., field method and metric)?",how does cover influence juvenile rearing? ,what are the primary drivers of juvenile rearing/presence/recovery? ,should this article be included in the systematic review?,why? use categories from categories doc,updated why?
TRUE,LA,23,23_grantham_2012,10.1080/00028487.2012.683472,The Role of Streamflow and Land Use in Limiting Oversummer Survival of Juvenile Steelhead in California Streams,steelhead trout,rearing,"Russian River tributaries, California","instream shelter (e.g., woody debris, rootwads, overhanging banks), riparian vegetation","qualitative score assignment between 1 (low summer habitat suitability) and 3 (high summer habitat suitability) based on instream shelter and riparian canopy cover, which was then collapsed into ""low"" (1 and 2 scores) and ""high"" (3 scores); pool vs. riffle categorial variable included separately","repeated seine counts in isolated habitat units; apparent oversummer survival probability was modeled as a response variable to late-summer count ~ binomial (early-summer count, survival probability)",cover had a positive association with oversummer survival; habitat suitability coefficient was 0.369 and 95% credible interval didn't include 0; also had a multiplicative effect with a 31% increase in survival in high-suitability units and a mean effect of 1.31 (95% CI 1.17-1.47); pools had a small positive effect relative to riffles,"summer streamflow magnitude (positive), vineyard land use (negative), cover (positive), density dependence (negative)","yes - straightforwardly relevant, directly evaluates impact of cover on juvenile rearing/presence",3a,
TRUE,LA,24,24_heggenes_1991,10.1111/j.1600-0587.1991.tb00633.x,Comparisons of Habitat Availability and Habitat Use by an Allopatric Cohort of Juvenile Atlantic Salmon Salmo salar under Conditions of Low Competition in a Norwegian Stream,Atlantic salmon,rearing (parr),Norway,"submerged structures (excluding substract), undercut banks/overhanging vegetation, broken water surface (surface turbulence); substrate size included as an independent habitat variable (not as cover)","rope method stretched across transects with 20-cm intervals, assessing the percent obscured from overhead view in 10% increments, then converted to cover classes",systematic electrofishing at mapped grid points with fish position recorded at first sighting; response variable derived from fish positions was habitat occupany/use,"parr avoided areas with no cover (used less than expected based on availability); suitability curves suggested low-to-moderate cover was commonly used, but the low cover preference seemed like it was partly due to limited availabiity; cover interacted with habitat type, especially in ""fast"" habitat where cover was mainly surface turbulence; PCA did not identify cover as more important than other variables overall, but in fast habitats, cover and velocity were strongly influential","juvenile salmon avoid no-cover areas and use habitats with some cover, but cover acts jointly with velocity and depth rather than as a dominant single driver; primary drivers are mean water velocity, depth, substrate size, and cover with no dominant single variable; consistent avoidance drivers are very low velocity (<10cm/s), very shallow (<10cm) or very deep (>55-60cm) water, fine substrate, and no cover",yes - directly measures and evaluates cover against juvenile fish presence,3a,
TRUE,LA,25,25_glova_1985,10.1577/1548-8659(1985)114<165:PEORFO>2.0.CO;2,"Potential Effects of Reduced Flows on Fish Habitats in a Large Braided River, New Zealand","native species ( torrentfish, bluegilled bully, upland bully, longfinned eel); introduced species (brown trout, Chinook salmon)",rearing,"Rakaia River, NZ","debris cluters, overhanging banks with submerged riparian vegetation, turbid water, whitewater around boulders","cover is not treated as a modeled habitat variabe in WUA calculations - cover is described ecologically but not quantified or incorporated into habitat suitability curves; habitat was quantified with transect-based measurements at 1-3m intervals; measurements taken were mean water velocity at 60% depth, water depth, percent substrate composition, and substrate classes used in suitability curves; WUA calculated from depth x velocity x substrate suitability functions","fish density surveys in previous work (Glova 1982) used to generate habitat-suitability curves; in this study, no new fish occupancy data were collected, physical habitat variables were applied to previously-defined habitat suitability curves; fish response = modeled potential rearing habitat defined with WUA",cover is acknowledged as ecologically important and described in narrative sections for certain species but isn't measured or modeled quantitatively (not included in WUA calculations),"primary modeled drivers are discharge, water depth, mean water velocity, substrate size distribution, channel type (minor vs. dominant braids)",no?,1a,
TRUE,LA,28,28_rempel_2012,,Lower Fraser River juvenile fish habitat suitability criteria,"Chinook salmon, chum salmon, sockeye salmon, rainbow/steelhead trout, mountain whitefish, mountain sucker","rearing (lifestage classes defined by fork length and seasonal distributions - 0+, 1+, 2+, 3+ years)","Fraser River, BC, Canada","vegetation, cut bank, large woody debris, riprap, cobble, large cobble (boulders)","dominant surface substrate class recorded for each fishing set (sand, gravel, cobble, large cobble)","beach seine (960 sets), electrofishing (20 sets); habitat use was quantified as fish count per sampling set converted to fish density per unit area, which was then used to derive depth-, velocity-, and substrate-based habitat suitability curves","gravel and cobble had the highest suitability, and larger fish stages often showed increased suitability for cobble and large cobble (boulders); sand often had lower suitability (except for some sockeye and chum contexts)","water depth, water velocity, substrate class; substrate was a direct determinant of habitat suitability across life stages","yes - cover (represented as structural substrate) was measured and incorporated into HSC modeling, then modeled directly against fish density/use",3a,1a
TRUE,LA,30,30_brown_2000,10.1577/1548-8675(2000)020<0408:HSIMFE>2.3.CO;2,"Habitat suitability index models for eight fish and invertebrate species in Casco and Sheepscot Bays, Maine","Atlantic salmon plus many others, e.g., alewife, American shad, winter flounder...","spawning, rearing","Casco Bay and Sheepscot Bay, Maine","vegetation, boulders, and cobble, sort of (they are considered part of the substrate in different predominant substrate classes)","cover not measured as discrete objects; instead, cover is encoded as categorical habitat classes used as predictors inside HSI models (e.g., predominant substrate = vegetation)","modeled habitat suitability (HSI scores/classes) produced from environmental layers in GIS; modeled then evaluated/validated against fishery data (e.g., survey catches/occurence by habitat class) - modeled predictions from HSI compared against observed distributions","aquatic vegetation and coarse substrates (e.g., cobble) are treated as habitat-structural variables in the HSI models and contribute to higher suitability for given species/life stages, but a specific cover effect isn't identified in the model","depth, temperature, salinity, substrate","yes - does treat cover and fish directly, though I am curious how much we want to use this since it is an estuarine environment (are we focusing on riparian environments in the paper?)",3a,1a
TRUE,LA,31,31_fitzgerald_2021,10.5061/DRYAD.KSN02V74X,"Physical and biological constraints on the capacity for life-history expression of anadromous salmonids: an Eel River, California, case study","steelhead trout, Chinook salmon","all - migration, holding, spawning, incubation, emergence, rearing, outmigration","Eel River, CA",cover included in the UCM model as a cover scalar based on local habitat conditions; I don't see this defined specifically though (it seems embedded in UCM model literature and other related precursor work such as the Cooper et al. 2020 dataset?),"incorporated as a scalar modified in the Unit Characteristic Method based on field-measured local habitat conditions (Cooper et al. 2020 dataset), applied at the reach level and multipled into density-at-capacity estimates","no new fish occupancy data in this paper; baselines juvenile density values derived from previous empirical studies (e.g., Johnson et al. 1993, Cooper et al. 2020); capacity estimates were moeled using habitat scalars (parr density x habitat area = density at capacity estimates, then scaled by habitat variables including cover)","cover contributes positively to modeled juvenile rearing capacity but is not identified as the dominant limiting factor relative to thermal constraints; magnitude of cover effects is not isolated independently, it interacts multiplicatively with depth, turbidity, fines, temperature, etc.","stream temperature, predator-mediated thermal risk, geomorphic channel type, wetted width (area), flow (indirecty, via wetted width modeling), cover (secondarily)","yes - cover is evaluated directly and operationalized as a productivity scalar affecting juvenile rearing capacity, so even though it is not independently analyzed statistically, it functions as part of a composite capacity framework",3a,2c
TRUE,LA,32,32_allen_2000,,"Seasonal microhabitat use by juvenile spring chinook salmon in the Yakima River basin, Washington",Chinook salmon (spring run),rearing,"Yakima River, Washington","substrate (cobble, boulder, bedrock, gravel, organic detritus), instream objects (cobble, boulders, riparian vegetation, woody debris, ""other"")","cover was quantified if within 5 ft of observed fish focal position; for each fish focal position, dominant instream cover type within 5 ft was recorded as a categorical variable (presence/absence and type), substrate was recorded in 1ft squared around the focal marker","direct underwater observation (snorkel/SCUBA); divers located undisturbed focal fish and placed a marker at the nose position; after a transect was completed, physical variables were measured at markers; sampling occured in the day (spring, summer, fall) and night (winter)","cover's influence varied seasonally; in spring, 39% of focal positions were associated with woody debris and fry were closely associated with stream margins and cover; in the summer, 51% of fish were more than 5 ft from instream cover with less immediate cover association during active feeding; in fall, there was increased associated with larger substrates (cobble, boulder) and increased use of cover relative to summer; in winter, there was a strong association with dense overwintering cover and contact with substrate","drivers shifted seasonally - cover was especially important during spring and winter but less so during summer; factors included depth (increased with larger size/later season), velocity (higher in summer, very low in winter), substrate size (substrate more important with larger size/later season), instream cover (critical in spring and winter), and distance to bank (offshore movement in summer/fall)","yes - direct measurements of fish location associated with cover, and buffer concept also applied!",3a,
TRUE,LA,40,40_johnson_2008,10.1656/1092-6194-15.3.363,Seasonal Habitat Use of Brook Trout and Juvenile Atlantic Salmon in a Tributary of Lake Ontario,"Atlantic salmon, brook trout",rearing,"Hart Brook, NY","cover not divided into structural categories (instead represented as total available cover) but it seems to be riparian vegetation, woody debris, undercut banks, and large substrate","visually estimated, quantified at 5% increments and measured within four fish length of buoy location and compared to cover availability from systematic transects","spot electrofishing; fish metric was microhabitat occupancy (focal capture location); Kolmogorov-Smirnov tests used to compare habitat use vs. habitat availability, PCA use for multivariate structure","cover was positively selected by juvenile Atlantic salmon relative to availability but is less important than for brook trout; Atlantic salmon habitat characterized by faster velocities, larger substrate, moderate cover; brook trout habitat characterized by deeper water, high cover","for Atlantic salmon, drivers were higher water velocities (riffles), larger substrate size, and moderate cover; for brook trout, drivers were depth, high percent cover, and lower velocities; season mattered too - cover use increased in autumn for all groups",yes - direct assessment of fish habitat occupancy relative to cover,3a,
TRUE,LA,41,41_foote_2024,10.1007/s00267-023-01927-5,Morphological and Habitat Quality of Salmonid Streams and their Relationship with Fish-Based Indices in Aotearoa New Zealand and Ontario (Canada),various trout species,not specific to life stage,Ontario; NZ,"cover incorporated via QHEI and is not specified by type but seems to perhaps be woody debris, riparian vegetation, large substrate (cobbles/boulders), instream structures, bank-associated cover","cover was quantified via QHEI (""qualitative habitat evaluation index"") scoring (visual assessment) with reach-scale field surveys and the generation of a composite index score","not directly measured in this study; fish data came from existing databases, regional index of biotic integrity (IBI) calculations, trout biomass from historical drift-diving surveys, and extant species presence data; so, no field method for fish habitat use, and the fish metrics were IBI, species richness, and trout biomass (all population-level indicators)","cover included indirectly as part of QHEI composite habitat quality and correlated with land cover patterns; key finding wrt QHEI are strong correlation with morphological quality index (MQI), negative correlation with urban land use, positive correlation with riparian forest,  correlation with agricultural land in riparian buffer; BUT no significant relationship between QHEI and fish metrics, and there was no direct analysis of cover and fish response; summary: cover (as embeded in habitat quality) relates to land cover patterns but was not shown to predict salmonid biological metrics","hydrogeomorphological processes (segment-scale connectivity, disturbance), riparian vegetation and land cover, urban land use (negative), native forest (positive), barriers to longitudinal connectivity (negative effect on MQI); biotic metrics not strongly predicted by habitat or morphological indicators","no? this was a multi-scale morphological/habitat quality study, wasn't about actual fish habitat use or suitability",I am not sure about this (some flavor of 1b?),4
TRUE,LA,45,45_lacey_2004,10.1111/j.1752-1688.2004.tb01611.x,Reach scale hydraulic assessment of instream salmonid habitat restoration,"coho salmon, steelhead trout",rearing,"Chilliwack River, BC, Canada","restoration structures: large woody debris (some multi-LWD triangular structures, some single-LWD rootward structures), rock groynes, boulder complexes","structures were represented in DEMs as solid obstructions; then hydraulic modeling was used to predict depth, velocity, and shear stress; then, habitat suitability was assessed using weighted usable area (WUA) based on depth preference curves and velocity preference curves; substrate was assumed to be optimal for simplification","no direct fish sampling in this study; fish preference curves (Bovee 1978) were used, WUA was calculated from modeled depth and velocity, and pre-structure vs. post-structure scenarios were completed under multiple discharge conditions","large wood and rock structures significantly increased modeled juvenile habitat suitability, particularly during high-flow events by creating velocity refuge and deeper pools","modeled drivers were depth, velocity, pool formation, shear stress distribution, structure placement",yes - this looks at the direct effects of restoration on hydraulic conditions the benefit fish,2ai,"2a, 2b"
TRUE,LA,46,46_fullerton_2010,10.1007/s10666-008-9185-z,How Certain Are Salmon Recovery Forecasts? A Watershed-scale Sensitivity Analysis,"Chinook salmon, coho salmon, chum salmon, steelhead trout","spawning, rearing","Lewis River, Washington","riparian vegetation, large woody debris","observed: counts of large woody debris and percent of stream shaded by riparian vegetation; used to qualitatively validate modeled data

modeled: derived from GIS layers used as input to a decision-tree riparian model; model ""predicts qualitative ratings for shade, pool-forming conifer abundance, and large woody debris recruitment provided by riparian vegetation within 60m of each bank""",not directly measured in this study; fish response metrics are modeled; modeled metrics include egg-to-fry survival and spawner capacity,"cover influences fish response predictions through modeled pathways: riparian vegetation controls shade and large woody debris recruitment and riparian function, which influence instream sediment supply and habitat conditions, which influence habitat suitability and egg-to-fry survival","drivers are modeled; key drivers used in the models are riparian canopy cover and vegetation composition, large woody debris recruitment, sediment routing and deposition (esp. fine sediment), hydrologic runoff, and road density and watershed land use","yes - study relates uncertainty in cover quantification to uncertainty in habitat suitability quantification, which is a useful idea!",1biv,4
TRUE,LA,47,47_studdert_2015,10.1656/045.022.0409,Seasonal Variation in Habitat Use of Juvenile Steelhead in a Tributary of Lake Ontario,steelhead trout,rearing,"Trout Brook, NY","unclear; as far as I can tell, ""cover"" isn't explained further","fish location: percentage of substrate, surface, or overhead cover available for concealment around fish location, quantified in 5% increments as the total available cover surrounding the marker buoy within a radius of about 4 fish-lengths (aggregate concealment metric, rather than disaggregated by discrete structural types); available in habitat: measured along systematic transects across the stream reach",spot electrofishing used to locate fish and then record habitat condition at capture sites; habitat use was evaluated by comparing habitat used by fish with habitat availability across the reach,juveniles disproportionately used cover in all seasons; yearlings used more cover than subyearlings; cover use increased in autumn,"PCA identified cover and depth as the most influential habitat variables governing habitat selection; all drivers identified were cover availability, water depth, substrate size, and water velocity",yes - direct evaluation of fish behavior relative to cover,3a,
TRUE,LA,49,49_ecret_2013,,Brook Trout (Salvelinus fontinalis) Habitat Use and Dispersal Patterns in New York Adirondack Mountain Headwater Streams,brook trout,rearing (stream residents?),"True Brook, NY",substrate,not exactly a cover quantification; used median substrate size within a 1-m quadrat around observed fish locations,single-pass backpack electrofishing with mark-recapture tagging; fish capture locations were marked with floats and habitat variables were measured in a 1-m quadrat around the float,median substrate size was only a secondary influence,water depth was the strongest determinant of habitat use (fish were found most frequently in pool habitats with deeper water and lower velocities); other drivers were hydraulic habitat type (pools vs. riffles) and water velocity,maybe - only insofar as it is proof that a lot of habitat suitability work considers substrate but not other forms of cover,1a,4
TRUE,LA,50,50_deschęnes_2007,10.1139/f07-053,Hierarchical analysis of relationships between brook trout (Salvelinus fontinalis) density and stream habitat features,brook trout,rearing (stream residents?),"Cascapedia River, Québec, Canada","large woody debris, ""structural cover"" (rocks, woody debris, undercut banks, overhanging vegetation)","count of large woody debris pieces and visual estimate of total structural cover on a binned scale (<=5%, 6%-15%, 16%-45%, 45%+) determined for each stream sampling section","single-pass electrofishing in stream sections (600 sections total) - all fish were captured, measured, and then released; fish density was calculated as total fish captured divided by section area",trout density increased with higher structural cover and greater woody debris abundance,"section-scale drivers were current velocity (negative), woody debris (positive), and structural cover (positive); reach-scale drivers were subbasin area, valley width (negative), and height increment at flood (negative)",yes - cover directly measured and related to fish density ,3a,
TRUE,LA,51,51_naman_2021,10.1139/cjfas-2020-0475,Diel patterns of foraging and microhabitat use by sympatric rainbow trout and bull trout: implications for adaptive differentiation and instream flow assessment,"rainbow trout, bull trout",rearing (juvenile),"Skagit River, BC, Canada","wood, overhanging vegetation, large substrate (>25cm providing interstitial refuge)",observational measurement: habitat surveys recovery cover as present or absent at each transect cell; experimental manipulation: artificial structures simulating woody debris cover (installed and then surveyed later to see if fish colonized them),"snorkel surveys (moved upstream, located fish visually, observed fish for 1-3 min, marked fish location with a washer, measured microhabitat variables at the washer)",daytime: fish were associated with structural cover; dusk: fish moved away from cover to drift forage; experimental cover: rainbow trout used it (if in energetically profitable feeding spots) but bull trout did not,"predation risk (structural cover availability), foraging profitability (drift abundance), water velocity, water depth, substrate size",yes - cover directly measured and related to fish presence,3a,
TRUE,LA,52,52_mollenhauer_2019,10.1643/CE-18-099,"Multiscale Habitat Factors Explain Variability in Stream Fish Occurrence in the Ozark Highlands Ecoregion, USA","no salmonids or trout! 20 warmwater stream fishes, e.g., different kinds of bass and chubs",mixed,,,,,,,no - no salmonids,4,
TRUE,LA,53,53_senay_2015,10.1007/s00027-015-0413-8,Identifying key environmental variables shaping within-river fish distribution patterns,"62 fish species across 16 families (community-level analysis), including Atlantic salmon and brook trout at some sites",not specific to life stage,"28 rivers across Canada (Alberta, Ontario, Québec, New Brunswick)","woody debris, macrophytes (aquatic vegetation), periphyton","visual estimation of percent cover measurements in quadrats - at each sampling site, respective percentages of macrophyte cover, periphyton cover, and woody debris cover was estimate in ten 50cm x 50cm quadrats and averaged across the site","biomass estimates through backpack electrofishing, snorkling - both methods employed at each sampling site and the larger estiate was retained","response variable was fish biomass (species biomass was calculated using fish counts, body length, and mass-length relationships); cover was included as a biogenic environmental feature but had relatively weak explanatory power","most important drivers were water velocity, water depth, and sediment size (substrate composition); biogenic variables explained about ~2% of biomass response",no - too many species included in general estimates of fish biomass and was not lifestage-specific,"kind of 3a/c (very weak relationship, bordering on no relationship), kind of 4",4
TRUE,LA,54,54_hayes_2009,10.1007/s11160-009-9103-8,Linking fish population dynamics to habitat conditions: insights from the application of a process-oriented approach to several Great Lakes species,"lake trout, rainbow trout (plus walleye, yellow perch, and smallmouth bass)",all ,"Lake Erie, Lake Superior, and their tributaries","macrophytes, substrate, woody debris",not directly measured in this study - cover was derived from previous empirical studies and incorporated as parameters in process-based population models linking habitat to vital rates,"not measured - this paper synthesizes models where habitat relationships were derived from previously published studies, empirical parameter estimates, and experimental data for certain species (e.g., rainbow trout growth experiments)","cover is discussed as influencing fish populations through mechanisms such as refuge from predators, feeding positions adjacent to currents, spawning habitat quality, and shelter for juvenile lifestages; but no empiricial statistical work is presented ","across models discussed in the paper, drivers are water temperature, water currents, substrate composition, habitat depth, macrophyte availability, food availability",no? it was a review paper that wasn't particularly focused on juvenile salmonids,5,1a
TRUE,LA,55,55_mocq_2013,10.1016/j.ecolmodel.2013.05.020,Assessment of Atlantic salmon (Salmo salar) habitat quality and its uncertainty using a multiple-expert fuzzy model applied to the Romaine River (Canada),Atlantic salmon,"rearing (young of year, parr), spawning","Romaine River, Québec, Canada",substrate,"for field validation, ""mean substrate diameter was evaluated by visual assessment of the percentage of coverage of the four main grain sizes from eight categories: silt, sand, small gravel, coarse gravel, cobble, rock, boulder and bedrock;"" classed into three classes for fuzzy rules: small, medium, large","partial validation of habitat suitability model by fishing with a variety of methods (hoop trap nets, gill nets, rods, seines, electrofishing) - I think this was a presence/absence thing, but the mechanism of validation isn't abundantly clear to me",larger substrate sizes contributed to higher HSI values; models were validated in that they predicted higher HSI values at sites where juvenile salmon were present compared to sites where they were absent,"water velocity, water depth, substrate size (used to define habitat suitability across discharge scenarios)","maybe? it was mostly about modeling a fuzzy-rules approach to habitat suitability curve development, which I guess is interesting for our purposes",3a (ish),1bi
TRUE,LA,57,57_mocq_2018,10.1111/fme.12262,Do habitat measurements in the vicinity of Atlantic salmon (Salmo salar) parr matter?,Atlantic salmon,rearing (parr),eastern Canada (three different rivers),substrate,"estimating the proportion of grain-size classes within 10-cm radius around measurement points, calculating a mean substrate size index based on weighted grain-size proportions",snorkeling (marked locations with painted stones and then measured environmental variables at fish position and surrounding area),"habitat suitability estimates improve when substrate, depth, and velocity were averaged across a 50-cm radius around the fish rather than measured only at the focal point - so it's less about how cover influences juvenile rearing and more about how we can produce habitat suitability estimates that capture actual conditions","substrate size, water velocity, and water depth considered main drivers in HSI",yes - interesting discussion of how the way that you measure environmental variables influences the validity of your HSI,3a,1b
TRUE,LA,58,58_turgeon_2005,10.1111/j.1365-2427.2005.01340.x,Predicting microhabitat selection in juvenile Atlantic salmon Salmo salar by the use of logistic regression and classification trees,Atlantic salmon,rearing (parr),"Big Jonathan Brook, Québec, Canada","unembedded rocks, woody debris, submerged vegetation, overhanging vegetation, broken water surface, undercut banks","presence/absence within 15-cm radius of sampling points; two types of cover recorded: instream (large rocks, submerged vegetation, woody debris) and overhead (broken water surface, undercut bank, overhanging vegetation","fish positions determined with snorkeling - diver located fish, observed fish for 3-5 minutes, marked fish location with stone, and then measured habitat variables; also classified fish behavior (active/foraging and resting/sheltering)","resting salmon were associated with rocky cover, active salmon were associated with deeper water rather than cover; presence of large rocks was the most influential predictor in classification tree models for resting fish","water depth, presence of rocky cover, current velocity, substrate size, distance to stream bank",yes - direct evaluation of fish behavior relative to cover,3a,
,LA,1,01_gard_2023a,10.51492/cfwj.109.12,Central Valley anadromous salmonid habitat suitability criteria,"Chinook salmon, steelhead trout","spawning, rearing (juvenile and fry)",California (Central Valley),"defined cover coding system (cobble, boulder, fine woody vegetation, fine woody vegetation + overhead, branches, branches + overhead, log, log + overhead, overhead cover, undercut bank, aquatic vegetation, aquatic vegetation + overhead, rip-rap)
","""The first step in the development of the cover criteria was to group cover codes, so that there were no significant differences within the groups and a significant difference between the groups, using Pearson’s test for association. Categorical data (substrate and cover) are developed into HSC by calculating the frequencies for each substrate or cover code, and then dividing the frequencies by the highest frequency cover or substrate code, so that the highest HSI value is 1.0. For the Sacramento River, effects of availability on cover use were addressed by subsampling equal areas with and without woody cover... This technique could not be used for the Yuba River and Clear Creek, due to the limited availability of woody cover. As a result, the HSI for each cover group was calculated by dividing the percent of occupied locations in each group by the percent of occupied locations in the group with the highest percent of occupied locations.""","spawning - wading and getting direct measurements at redds (shallow), video (deep)
rearing - snorkel surveys/SCUBA, depending on water depth (dropping numbered tags at fish locations, recording fish size/species/cover code, then measuring depth, velocity, and adjacent velocity at each tag; presence/absence includes sampling unoccupied locations)","juveniles showed preferences for branches, branches + overhead, logs, logs + overhead, undercut banks; natural complexity was important; in Clear Creek, cobble was also preferred/optimal","""for anadromous salmonids, preferred habitat conditions are assumed to translate into increased growth and survival"" (stated but untested assumption); paper suggests that cover allows for food availability via drift, using cover-provided velocity refuges; importantly, this paper evaluates habitat selection but not habitat's influence on fish outcomes (growth, survival, etc.)","yes - directly applicable, full treatment and discussion of cover related to observed Central Valley salmonid habitat preferences across multiple tributaries/rivers","3a, 5",
,LA,2,02_gard_2023b,10.51492/cfwj.109.14,Development of habitat suitability criteria for macroinvertebrate community metrics for use in habitat restoration projects,"Chinook salmon, a variety of macroinvertebrates (baetid, chironomid, hydropsychid)","rearing, indirectly as related to value of macroinvertebrate availablility",California (Sacramento River between Keswick Reservoir/Dam and Battle Creek),N/A - substrate discussed but not really a discussion of cover,N/A - cover not meaningfully defined or quantified,N/A - fish habitat use is not measured,N/A - not evaluated,N/A - paper frames macroinvertebrate biomass as a potential food limitation for juvenile salmonids but does not analyze juvenile rearing drivers directly,no - this paper is about macroinvertebrates and doesn't evaluate cover,1a,
,LA,3,03_maki-petays_2002,10.1139/F01-209,Transferability of habitat suitability criteria of juvenile Atlantic salmon (Salmo salar),Atlantic salmon,rearing,Finland,"cobble, but doesn't address cover more generally/meaningfully","substrate classified into size bins, dominant size class visually determined in quadrats below fish","methods varied by river - one river was a snorkel survey, the others were electrofishing","smaller salmon preferred finer substrate (large pebbles to boulders), larger salmon preferred coarser substrate (cobbles to boulders)","depth (larger fish use deeper water), substrate size classes depending on fish size, habitat availability (""river-specific differences in habitat use and suitability by salmon mainly reflect a concurrent change in habitat availability among the rivers"")",maybe - only insofar as it is proof that a lot of habitat suitability work considers substrate but not other forms of cover,1a,
,LA,4,04_kennedy_2014,10.1111/fme.12077,Assessment of a catchmentwide salmon habitat rehabilitation scheme on a drained river system in Northern Ireland,"Atlantic salmon, brown trout","rearing (fry, parr)",Northern Ireland,"boulders, cobble","substrate classified into 5 categories (modified Wentworth; ""stream bed cover""), boulders described by size and density of placement","semi-quantitative electrofishing  (5-min timed samples with single-anode backpack); metric was number of 0+ fish per 5 min; also measured fork length
also quantitative electrofishing (stop netted section with a minimum of 3 passes); density estimates created with Zippin removal method",deflector sites with the greatest substrate heterogeneity had the greatest fish density; boulder sites had fewer fish but still more than control sites,"enhanced substrate heterogeneity (mechanisms are territory availability, hydraulic refuge, predator cover), general habitat enhanced (restoration in this research was in degraded, channelized areas), immigration/redistribution (enhanced sites may provide habitat for downstream migrants rather than increasing local recruitment)","yes - good treatment of boulders, explicitly focused on restoration actions",3a,
,LA,5,05_braaten_1997,10.1002/(SICI)1099-1646(199707)13:4<345::AID-RRR445>3.3.CO;2-0,Development and evaluation of bioenergetic-based habitat suitability criteria for trout,"rainbow trout, cutthroat trout",rearing,"Wyoming (Green River, Dirtyman Fork)",N/A - cover discussed narratively in describing sites but not given any treatment beyond that,N/A - cover not meaningfully defined or quantified,"radiotelemetry with bidirectional loop antenna and triangulation for rainbow trout (accurate to 2.7m circular radius), visual observation (from bank and snorkeling) for cutthroat trout",N/A - not evaluated,"profitable velocity - feeding efficiency changes with fish size, affecting optimal velocities and energy balance; desirable depth (combined with profitable velocity) important and infrequent for cutthroat, prompting fish to occupy suboptimal locations due to depth restrictions; substantial individual variation observed",no,1a,
,LA,6,06_wilbur_2020,10.1002/rra.3570,Characterizing physical habitat preferences and thermal refuge occupancy of brook trout (Salvelinus fontinalis) and Atlantic salmon (Salmo salar) at high river temperatures,"Atlantic salmon, brook trout","rearing (parr), adults","New Brunswick, Canada","substrate (divided into 20-cm width bins), vegetation, woody debris",not directly quantified; wrapped into a composite substrate index created with Instream Flow Incremental Methodology,"snorkel surveys conducted during ""high temperature"" events, fish locations and behavior (stationary vs. feeding) noted, fish length estimated",N/A - not evaluated; study's focus was thermal refugia,"cold water refugia availability (sought by brook trout of all sizes when ambient temp >21C and salmon parr when ambient temp >25C), deep water availability for large-bodied fish, velocities in certain ranges; no substrate preferences observed",no,1a,3c
,LA,7,07_brown_2024,10.1080/24705357.2022.2162987,"Chinook Salmon habitat evolution following river restoration, drought, and flood",Chinook salmon (fall run),"spawning, rearing","Merced River, California",N/A - cover discussed narratively in describing site but not given any treatment beyond that,N/A - cover not meaningfully defined or quantified,snorkeling (redd surveys),N/A - not evaluated,habitat restoration creating more suitable habitat; important design features included flow reversals with riffle pool maintenance mechanism embedded in design,no,1a,
,LA,8,08_ahmadi-nedushan_2006,10.1002/rra.918,A review of statistical methods for the evaluation of aquatic habitat suitability for instream flow assessment,"N/A - review paper, multiple species discussed but no particular focus",N/A,N/A - review paper,"cover mentioned as habitat variable in HSI models but isn't the main focus; studies reviewed considered general ""cover,"" woody debris, substrate composition, vegetation)","N/A - mentions cover as categorical variable in some models and percentage coverage in others, but no detailed protocols",N/A - discusses presence/absence and abundance data across studies but provides no detailed field protocols,N/A - not directly addressed; paper focuses on statistical methodology rather than ecological mechanisms,"most frequently significant variables are depth, velocity, temperature, substrate composition; woody debris was significant in some studies; cover area/percentage important for some species; spawning substrate important","yes - an interesting discussion of statistical methods for assessing habitat suitability, challenges common basic methods that assume independence despite common multicollinearity",5,
,LA,9,09_conallin_2010,10.1080/15715121003714936,Habitat suitability indices development in Denmark: are international indices applicable under small lowland stream conditions?,brown trout,rearing (large parr),Denmark,N/A - not discussed,N/A - cover not meaningfully defined or quantified,"varied by paper - predominantly electrofishing, but some snorkeling as well",N/A - not evaluated,depth and velocity within suitable species-specific ranges,yes - good discussion of the degree to which HSIs transfer (or not) across geographies and how selecting an HSI computational method for a given location should be done,5,1a
,LA,10,10_boessow_2021,10.1002/aqc.3431,Spawning habitat suitability for coastal cutthroat trout: Microhabitat and mesohabitat,cutthroat trout (coastal),spawning,"Skookum Creek, Washington",N/A - substrate discussed but not really a discussion of cover,N/A - cover not meaningfully defined or quantified,"weekly redd surveys accompanied by site characterization (depth, velocity, substrate, position)",N/A - not evaluated,"proximity to hydraulic controls, RRD (0.05-0.10), depth (21-24cm), velocity (61-64 cm/s), and medium gravel substrate",maybe - discusses how habitat suitability should be characterized with variables across nested spatial scales,1a,
,LA,11,11_naman_2020,10.1002/nafm.10411,Exploitation of Velocity Gradients by Sympatric Stream Salmonids: Basic Insights and Implications for Instream Flow Management,"coho salmon, steelhead trout",rearing,"Coquitlam River, British Columbia","boulders, cobble, wood","N/A - not measured directly; instead, velocity gradients are estimated, including those created by cover",snorkeling (accompanied by estimates of body length and in situ velocity measurements),cover creates velocity refuges which allow feeding in faster water volumes while minimizing energy costs; effect stronger for steelhead,energetically favorable microhabitats created by velocity heterogeneity; interspecific competition drives habitat partitioning,not sure,2ai,1bii
,LA,12,12_moniz_2021,10.1002/rra.3855,Chinook salmon rearing habitat-discharge relationships change as a result of morphodynamic processes,Chinook salmon,rearing,"Yuba River, California","vegetation, cobble substrate, human-built structures (rip-rap, cement), bedrock, weirs, bridge piers","binary presence/absence in 0.91-m rasters; vegetation from LiDAR, structures from aerial imagery + field reconnaissance; cover HSC applied to classify suitability; changes tracked as loss/gain/no change between years",N/A - not directly measured; habitat suitability modeling based on previously developed/validated HSCs for the river (see cited Moniz et al. 2020),not the primary driver - depth and velocity were more important; cover included in HSC model but results focus on depth/velocity changes; vegetative cover changes explained little habitat loss; cover provides structural complexity but hydraulic changes (from geomorphic evolution) had greater influence on fry habitat suitability,"morphodynamic processes (floodplain erosion) led to increased depth/velocity, which in turn produced habitat loss at high flows; habitat stable at baseflow despite channel changes","yes - includes a temporal component for habitat suitability work and highlights that habitats evolve over time; long-term flow requirements must account for geomorphic evolution, not assume static relationships",1biv,2d
,LA,13,13_roni_2023,10.1002/tafs.10399,A comparison of methods for estimating juvenile salmon habitat capacity to assist with restoration planning and evaluation,Chinook salmon (spring run),rearing,"Grande Ronde River, Oregon","wood, boulders",cover used as scalar variables (multipliers) in UCM model (UCM uses cover as unit-level scalars that adjust capacity upward/downward from baseline); wood data from aerial drone imagery; boulder and wood cover assessed during visual habitat surveys,capacity methods use existing density databases rather than direct observation in the reach but recent snorkel surveys provided validation counts,"not directly tested but incorporated into model assumptions, since cover was treated as capacity-modifying factor in UCM;  boulder cover and fine sediment scalars had greatest impact on capacity estimates; boulder cover below baseline reduced capacity in most subreaches",N/A - study focused on methodology comparison rather than fish presence/behavior drivers; habitat area and fish density data identified as main drivers of estimate differences between methods,yes - cover had a positive relationship with capacity,"3a, 5",
,LA,14,14_jelovica_2024,10.1016/j.ecolind.2024.111832,Atlantic salmon habitat-abundance modeling using machine learning methods,Atlantic salmon,"rearing (fry, parr)","Teno River, Finland","cobble, stone, boulders, plants, ""other shade""","categorical classification for substrate types (5 categories by size) and shade types (2 types); presence/absence for vegetation types (3 types); numerical shelter index based on visual assessment of interstitial spaces at three measurement points per transect (point samples at edges and middle of each transect); measured at 0.25 m˛ points (0.5 x 0.5 m) on three transects per site; variables treated as predictors in machine learning models (SVR, RF, GB, SVC); min-max normalization applied; Pearson correlation coefficients calculated",single-pass electrofishing (no removal estimates) counted as number of fish per 100 m2 (abundance density); conducted July-October at permanent monitoring sites established as part of long-term program,"substrate, shade, and vegetation combination showed strongest predictive power for abundance (SVR R˛ = 0.58, GB R˛ = 0.6); shelter index alone showed moderate correlation with parr (PCC = 0.48) but not fry; individual cover variables showed limited predictive power","combination of substrates, shades, and vegetation most predictive; mean velocity, mean depth, and shelter index important; study emphasized modeling methodology over ecological mechanisms; data quality and feature selection identified as critical drivers of model performance",yes - cool methods! and treated cover directly,3a,
,LA,15,15_favrot_2018,10.1002/tafs.10011,Fall and Winter Microhabitat Use and Suitability for Spring Chinook Salmon Parr in a US Pacific Northwest River,Chinook salmon (spring run),rearing (parr),"Catherine Creek, Oregon","large wood (<= 10cm diameter), small wood (<10cm diameter), rootwad, emergent aquatic vegetation, submerged aquatic vegetation, terrestrial vegetation, undercut bank, boulder; also used substrate size (Wentworth) but didn't consider (larger) substrate as form of cover","categorical ""dominant cover type"" - presence/absence, then cover categorized, then recorded distance from cover (capped at 2 m); cover “associated” with fish occurrence if within 2m of the triangulated fish location",radiotelemetry with weekly daytime mobile tracking; fish locations determined via tracking/triangulation and then microhabitat variables measured at occupied sites,"cover is strong predictor of use; relative to other cover types, use was 7.5x more likely for rootwads, 6.5x for large wood, and 4.1x for undercut banks; use increased as distance to cover decreased (negative coefficient on distance-from-cover); reach gradient also implicated - large wood/undercut bank/rootwad as top cover in moderate-gradient and large wood as top in low-gradient","influential factors were depth (nonlinear), mean column velocity (negative; slower favored), substrate categories (e.g., cobble favored; silt less favored except more in winter), distance to cover (closer favored), and cover categories (rootwad/large wood/undercut bank favored)",yes - direct attention to cover,3a,
,LA,16,16_heggenes_1990,10.1111/j.1095-8649.1990.tb04325.x,"Seasonal and spatial microhabitat selection and segregation in young Atlantic salmon, Salmo salar L., and brown trout, Salmo trutta L., in a Norwegian river","Atlantic salmon, brown trout",rearing (parr),"River Gjengedalselva, Norway","submerged structures, undercut banks, overhanging vegetation, surface turbulence; cover treated through a lens of functional concealment more than aligned with a structural typology","percent cover estimated visually at each transect point, recorded in increments of 10%, then converted into a cover class variable",snorkeling to determine fish locations (habitat variables then measured at fish holding locations); winter surveys included electrofishing,cover shows relatively weak influence compared to velocity and depth; PCA results indicate cover explains less variance than hydraulic variables (cover was secondary driver); both species used a narrow range of cover values,"water velocity was strongest driver; also depth; substrate and cover were secondary drivers of presence with limited explanatory power; that said, authors emphasized seasonal and spatial variability",yes - direct attention to cover,3a,
,LA,17,17_pacheco_2018,10.1002/nafm.10243,Update to the Toe-Width Methodology: Determining Preferred Discharges for Spawning and Rearing Salmonids,"steelhead trout, Chinook salmon, pink salmon, chum salmon, coho salmon, sockeye salmon, cutthroat trout , rainbow trout, mountain whitefish, bull trout, Dolly Varden","spawning, rearing",Washington,"""cover"" as a general idea (part of PHABSIM/RHABSIM transects)",unclear; it is just named as an input to PHABSIM/RHABSIM (part of transects),N/A,N/A,N/A,no - this article is about identifying replicable ways to estimate toe bank width for discharge estimation purposes and not directly about cover (or habitat suitability that includes an assessment of cover),1a,
,LA,18,18_guay_2000,10.1139/cjfas-57-10-2065,Development and validation of numerical habitat models for juveniles of Atlantic salmon (Salmo salar),Atlantic salmon,rearing (parr),"Sainte-Marguerite River, Quebec",N/A - cover discussed narratively but not treated directly,N/A - cover not meaningfully defined or quantified,"snorkeling to determine fish locations (""home rocks"") and densities; physical conditions assessed at these ""home rocks"" sites",N/A - not evaluated; mildly inferred through attention to substrate size (provision of refuge),"primary drivers of presence and density were velocity, depth, and substrate size (D50)",no? - cover not treated directly; depends on how we want to treat substrate as cover (providing velocity refuge),2ai,1a
,LA,19,19_wondzell_2007,10.1016/j.landurbplan.2006.10.012,"Simulating riparian vegetation and aquatic habitat dynamics in response to natural and anthropogenic disturbance regimes in the Upper Grande Ronde River, Oregon, USA","Chinook salmon, steelhead trout","all - migration, spawning, rearing (summer, winter)","Grande Ronde River, Oregon","large wood, undercut banks, riparian vegetation (hardwoods), riparian canopy (shade)",not measured empirically - incorporated via state-and-transition models (STMs) in a qualitative ranking (none/low/moderate/high),"not directly measured - habitat use is inferred in modeling through channel condition variables and lifestage-specific habitat suitability rankings; model outputs are percent stream length in each suitability class, not fish density or occupancy","cover is central to modeled juvenile habitat quality - pools with structure, large wood, and undercut banks are key drivers of summer and winter rearing suitability; loss of riparian vegetation and wood reduces cover, pool abundance, and shade, thereby sharply degrading rearing habitat","primary modeled drivers are large wood abundance, pool frequency and structure, riparian vegetation, channel stability and sediment, off-channel habitat availability",yes - interesting work on long-term evolution of habitat response to disturbance and land use changes with cover treated explicitly in modeling,5? this paper was purely modeling (process-based),1b
,LA,20,20_beecher_2002,10.1577/1548-8675(2002)022<0785:EODAVP>2.0.CO;2,Evaluation of depth and velocity preferences of juvenile coho salmon in Washington streams,coho salmon,"rearing (subyearling, yearling)","Western Washington (four different creeks/rivers - three for habitat preference development, one for validation)",N/A - cover discussed narratively in intro and discussion but not explicitly described or classified,N/A - cover not meaningfully defined or quantified,snorkeling to determine fish locations (where physical habitat variables of depth and velocity are then measured),N/A - not evaluated,"primary drivers identified were depth, velocity, and the interaction between depth and velocity",no,1a,3c
,LA,21,21_ahmadi-nedushan_2008,10.1002/rra.1059,Instream flow determination using a multiple input fuzzy-based rule system: A case study,Atlantic salmon,"spawning, rearing","Romaine River, Quebec",substrate (not really cover?),"substrate diameter (mm) quantified through visual assessment + fuzzy membership functions (qualitative suitability - low, medium, high) created through expert elicitation",N/A,N/A,N/A,"yes - helpful discussion of HSI development and methods for computation in the intro (but no treatment of cover, so maybe no)",1a,
,LA,22,22_harrison_2011,10.1029/2009WR008926,"Channel dynamics and habitat development in a meandering, gravel bed river",Chinook salmon,"spawning, rearing","Merced River, California","N/A - cover not treated directly; instead, it's discussed implicitly in point bars, channel margins, and (absence of) undercut banks; riparian vegetation and woody cover appear absent at the site","N/A - cover not meaningfully defined or quantified; cover is framed as an emergent property of geomorphic and hydraulic processes, not a categorical habitat feature","not directly measured for rearing - habitat is assessed via modeled depth and velocity fields, HSIs, and flow-complexity metrics; spawning HSI evaluated against mapped redds",N/A - not evaluated,"velocity, depth, velocity gradients/flow complexity, channel morphology (pools, bars, constrictions)",no,1a,
,LA,26,26_barber_2018,10.2495/EI-V1-N3-390-400,Uncertainty in minimum instream flow requirements for streams in semi-arid environments,"""anadromous and endangered fish species"" - salmon (species not specified), steelhead, bull trout","spawning, rearing, holding","Touchet River, southeastern Washington","substrate; undercut bank, overhanging vegetation, root wad, log jam/submerged brush pile, logs parallel to bank, aquatic vegetation, short terrestrial grass, tall terrestrial grass, vegetation beyond the bankfull water edge",N/A,"measurements at redds and visual surveys of rearing and holding (but this isn't really specified, as it is not core to the paper's thesis)","cover influence is specified as a cover presence value in the range [0, 1] for each life stage",N/A,yes - nice table of cover preference values,1b,
,LA,38,38_ibbotson_1994,10.1111/j.1365-2400.1994.tb00157.x,Spatial and temporal distribution of fish in a small lowland stream,"brown trout, Atlantic salmon, grayling, dace, roach, pike, eel",unclear,"East Stoke Millstream (River Frome), England",substrate,"visual assessment of substrate size category, percent instream cover, percent outstream cover (each site sampled 8 times over the course of the study)",electrofishing  to determine number of fish present,no significant relationship between substrate size and salmon or instream or outstream cover percentage and salmon; significant positive correlation between trout and outstream cover percentage and substrate size,"salmon and trout presence negatively correlated with depth and positively correlated with velocity and width-to-depth ratio; trout positively correlated with trout and outstream cover percentage and substrate size; notably, fish presence (i.e., local abundance) at a site varied widely over short time periods (<1 month)",yes - it actually quantifies cover,3a,
,LA,39,39_bair_2019,10.5194/esurf-7-841-2019,Quantifying the restoration success of wood introductions to increase coho salmon winter habitat,coho salmon,rearing,"Mill Creek, Oregon","large wood, substrate (not really cover?)","large wood length and diameter (then used to model local water velocities and resulting area of suitable fish habitat), substrate D50",N/A,N/A,N/A,yes - interesting discussion of the impacts of large wood on velocities and microhabitat availability,"2b, 3b",
,LA,42,42_chalmers_2023e,10.1371/journal.pwat.0000069,Application of watershed-scale habitat modeling and decision-support tools for reservoir reoperations in coastal northern California,"Chinook salmon, steelhead trout","immigration, spawning, incubation, fry rearing, juvenile rearing, emigration","Three Creeks watershed, South Bay, California","large cobble, medium cobble, boulder, root mass, large woody debris, bedrock ledges, undercut bank","areal percent cover, areal percent substrate embeddedness, areal percent suitable substrate from field surveys at 39 points of interest",N/A,N/A,N/A,not sure - cover is only addressed as an input to a multi-objective optimization model for water supply management decisions,1b,
,LA,43,43_tullos_2014,10.1007/s10641-014-0362-4,"Fish use of turbulence around wood in winter: physical experiments on hydraulic variability and habitat selection by juvenile coho salmon, Oncorhynchus kisutch",coho salmon,rearing,"experimental channels, Oregon",large wood,large wood length and diameter (though this was not the variable of interest; water velocities and their local variability/turbulence was the main variable of interest),"videogrammetry to capture fish locations and movement patterns in the experimental channel, then comparison of the observed distribution of fish across different hydraulic habitat conditions to a null model based on their availability, using a chi-square goodness of fit test to assess whether fish select habitats in proportion to their availability",N/A,"""the observed available distributions suggested that, during winter conditions and without foraging opportunities, fish selected areas of greater depth, low velocities, and low but not minimum turbulence intensity and flow field deformation, and close to wood""",yes - interesting discussion of the impacts of large wood on velocities and microhabitat availability,3a,
,LA,44,44_conallin_2014,10.1051/kmae/2014006,Daytime habitat selection for juvenile parr brown trout (Salmo trutta) in small lowland streams,brown trout,spawning,Denmark,"""solid cover"" (boulders, wood and log jams, undercut banks), ""reduced visibility cover"" (water surface tension), ""no cover""","""Substrate composition and cover was visually assessedwithin a 0.25 m x 0.25 m square. S-values were registered according to a modified Wentworth scale with assessment of the relative proportion of each of the categories: boulder (diameter(Ř) > 256 mm), cobble (Ř = 64–256 mm), pebble (Ř = 16–63 mm), gravel (Ř = 2?15 mm),sand (Ř = 0.06–1 mm), and silt (Ř < 0.06 mm). Cover (C) was registered as present or absent according to three main categories; solid cover (i.e. boulder, wood and log jams, undercut bank) (SOL), reduced visibility cover (water surface tension)(REV), and no cover (NC)""",electrofishing  to determine locations of fish,parr show a preference for coarser substrates and solid cover,"water depth was found to be the most significant variable for daytime habitat selection, with cover and substrate also being important",yes? the article is an explicit habitat suitability study that quantifies and establishes the importance of cover as a habitat selection variable,3a,
,LA,48,48_mclaren_2024,10.1007/s10750-024-05671-7,The reach-scale biogeomorphic effect of submerged macrophytes on trout habitat suitability,rainbow trout,"subadult (young-of-year excluded), adult","Snake River, Idaho","submerged macrophytes, emergent margins, substrate (not really cover?)","percent coverage of submerged macrophytes, macrophyte growth height as absolute and as a percentage of maximum depth","snorkel surveys, radio telemetry data, visual wading surveys; habitat preference was quantified using the Chesson’s alpha electivity index","higher macrophyte coverage created distinct habitat types (e.g., macrophyte clumps) that had higher Net Rate of Energy Intake (NREI) (indicating enhanced growth potential) by reducing flow velocities and increasing invertebrate drift","habitat dynamics are primarily driven by submerged macrophyte coverage acting as a ""biogeomorphic"" force; the quality of drift-feeding habitat (NREI) is determined by the balance between energy gain (invertebrate drift density, food availability) and energetic costs (metabolism, foraging, and maintaining position in current/velocity)",yes - the article investigates the habitat suitability and quantified preference of fish in relation to a specific type of cover (submerged macrophytes),3a,
,LA,56,56_boudreault_2022,10.1016/j.ecolmodel.2022.109905,A new look at habitat suitability curves through functional data analysis,Atlantic salmon,rearing,"Sainte-Marguerite River and Petite-Cascapedia River, Quebec",substrate,substrate D50,single-pass open net electrofishing surveys in habitat patches where fish were observed,N/A,N/A,yes? narrative review content is helpful (much discussion of models),1a,
