reviewer,id,full_text_file,doi,title,what species is the focus?,what lifestage is the focus?, where is the study located? ,what kinds of cover are described?,how is cover quantified?,"how is habitat use by fish measured (e.g., field method and metric)?",how does cover influence juvenile rearing? ,what are the primary drivers of juvenile rearing/presence/recovery? ,should this article be included in the final analysis?,Why? Use categories from SharePoint
PG,17,17_pacheco_2018,10.1002/nafm.10243,Update to the Toe-Width Methodology: Determining Preferred Discharges for Spawning and Rearing Salmonids,"cutthroat, pink, chum, coho, RBT, steelhead, sockeye, chinook, mountain whitefish, char ",rearing and spawning,"Washington, USA","the study focuses on elevation change, but two of the three types of elevation change could be considered cover","(1) distinct change in the composition of the substrate, commonly the transition from gravel or cobble to soil, (2) distinct change in vegetation with the initial presence of a longitudinal terrestrial vegetation line, commonly grasses but may include shrubs or trees",Toe-width transects,not the focus of the study,the study was evaluating rapid assessment methods for determining preferred spawning and rearing discharges,N,1a
PG,21,21_ahmadi-nedushan_2008,10.1002/rra.1059,Instream flow determination using a multiple input fuzzy-based rule system: A case study,Atlantic salmon,spawning and parr habitat,"Romaine River, Northeastern Quebec","no cover - water depth, velocity and substrate composition",no cover,Elicitation of expert knowledge,cover is suggested for future study,the study evaluated the use/sensitvty of expert opinion in WUA,N,1a
PG,26,26_barber_2018,10.2495/EI-V1-N3-390-400,Uncertainty in minimum instream flow requirements for streams in semi-arid environments,"salmon (chinook, coho, sockeye), steelhead, trout, bull trout","spawning, rearing, holding","Touchet River, Washington","substrate, cover type",substrate and cover preference values,vague - collected during field investigations at the same time velocity and depth characteristics are being compiled,"was not evaluated, prefernce curves used in WUA to evaluate flow, study highlights the senstivity and importantce of local preference curves",results/reporting focused on adults,Y,1b
PG,38,38_ibbotson_1994,10.1111/j.1365-2400.1994.tb00157.x,Spatial and temporal distribution of fish in a small lowland stream,"Atlantic salmon, dace, eel, grayling, trout, roach, pike","parr, smolts or young-of-the-year","East Stoke Millstream, England",instream or outstream cover,"Bed material predominant particle size, instream or outstream cover presence","monthly depletion electrofishing, transects of water velocity. substrate, depth and cover at 0.5m intervals across the stream","the abundance of all the species, except salmon, was positively correlated with either instream or outstream cover","depth, velocity, width:depth ratio, instream cover, outstream cover and substrate all had signifanct coeffiencts with some fish species. For salmon: depth, velocity, width:depth ratio. For trout: depth, velocity, width:depth ratio, outstream cover and substrate",Y,3a
PG,39,39_bair_2019,10.5194/esurf-7-841-2019,Quantifying the restoration success of wood introductions to increase coho salmon winter habitat,coho,juvenile,"Mill Creek, Oregon",changes of stream velocity and shear stress after large wood restoration,modeled survivable habitat during bankfull conditions (velocity below the critical swim speed),"topographic survey, location of introduced wood, water surface elevation monitoring, water loggers (level and velocity)","Modeling results indicated reductions in shear stress after the LW pieces were added, which resulted in a substantial increase in fish habitat in terms of substrate stability. Reach area with acceptable habitat in terms of velocity increased, with a reach interaction with floodplain connectivity. The proportion of the wetted channel with acceptable habitat for fish to shelter within channel bed sediment increased for all flow levels. Resulted in approximately twice as much simulated winter rearing habitat in all sites",mean depth-averaged flow velocity and shear stress (channel bed stability) changes pre- and post-LW,Y,"2b, 3b"
PG,42,42_chalmers_2023e,10.1371/journal.pwat.0000069,Application of watershed-scale habitat modeling and decision-support tools for reservoir reoperations in coastal northern California,"chinook, steelhead","immigration, spawning, incubation, fry rearing, juvenile rearing, and emigration","Coyote Creek, Stevens Creek, and Guadalupe River, California","stream cover %, the areal percent of a habitat unit which contained the categories of cover defined in Flosi et al., 2010, the summer cover was defined as
the areal proportion of small cobble ",15% (steelhead) and chinook (20%) cover threshold for fry and juvenile rearing,"field survey data, which was incorpoated into the model with suitability curves and thrsholds for depth, velocity, temperature and cover","relationship is part of model (static input), evluation of reservoir operations is focus of study","impacts to depth, velocity, stream temperature, cover by reservoir releases (0-2% change)",Y,1b
PG,43,43_tullos_2014,10.1007/s10641-014-0362-4,"Fish use of turbulence around wood in winter: physical experiments on hydraulic variability and habitat selection by juvenile coho salmon, Oncorhynchus kisutch",coho,overwintering juvenile,"Oregon Hatchery Research Center in Alsea, Oregon",large wood,"flow strength, depth, distance to wood, or based on temporal or spatial variability of the flow field","prototype of a full channel jam (based on Canal Creek, a tributary of the Alsea River), fish were observed using underwater videogrammetry, flow field measured by Acoustic Doppler Velocimeters","fish primarily selected microhabitats near the bed and the wood, in regions of minimum velocities","depth, and distance to wood to a lesser extent, appeared to dominate selection of habitats over the hydraulics of the flow field",Y,3a
PG,44,44_conallin_2014,10.1051/kmae/2014006,Daytime habitat selection for juvenile parr brown trout (Salmo trutta) in small lowland streams,brown trout,juvenile,Denmark,"solid cover (i.e. boulder, wood and log jams, undercut bank) (SOL), reduced visibility cover (water surface tension), and no cover", present or absent according to three main categories,"habitat selection (HIS), transect at intervals corresponding to 5, 20, 40, 60, 80 and 95% of the wetted width, measured water depth, water velocity, substrate composition and cover, single pass electrofishing","In this study, preference for cover was significant in all sites but the selection between cover types varied among sites with ‘solid cover’ and to a lesser extent ‘reduced visibility cover’ being most important.","daytime summer conditions water depth is a significant variable for parr habitat selection, with cover also being important",Y,3a
PG,48,48_mclaren_2024,10.1007/s10750-024-05671-7,The reach-scale biogeomorphic effect of submerged macrophytes on trout habitat suitability,rainbow trout,subadult and adult,"Henrys Fork of the Snake River, Idaho","gradient of submerged macrophyte coverage (32–94%), habitat type - ""macrophyte clumps”, “emergent margins”, “thalweg/intermacrophyte space”, and “gravel bars”.","30 randomly located sample points (each a ~ 1 m radius) within each reach, macrophyte coverage (%), median substrate size (mm), flow velocity (m s−1) at 20%, 60%, and 80% depth, water depth (m), maximum submerged or emergent macrophyte growth height above the substrate in absolute (m) and relative (% of maximum depth) terms","aerial imagery (peak cover), transects of physical habitat, snorkel surveys, wading surveys and previous radio telemetry study for trout habitat preference, and bioenergetics modeling","juveniles excluded, young-of-the-year trout would have exhausted resources available for sampling","submerged macrophyte coverage increased the frequency of habitat types with higher trout growth potential but reduced the occurrence of preferred habitat types (reduced flow velocities, and increased invertebrate drift). no relationship between reach-scale trout growth potential and submerged macrophyte coverage. However, an outlier of very high trout growth potential at 94% submerged macrophyte coverage suggests a potential threshold effect.",N,4
PG,56,56_boudreault_2022,10.1016/j.ecolmodel.2022.109905,A new look at habitat suitability curves through functional data analysis,Atlantic salmon,parr,"Quebec, Canada","no cover - water depth, velocity and substrate (D50)",no cover,"transects, single pass electrofishing",this study is comparing and proposing methods - HSC developed at the river or regional scale did not fit well sitespecific HSC,"Shallow waters (< 15 cm) were mostly avoided by parr, for velocity, preferred values were between 0.25 and 0.35 m/s, 60 – 130 mm range were the most preferred D50 values among the two rivers",N,1a
PG,1,01_gard_2023a,10.51492/cfwj.109.12,Central Valley anadromous salmonid habitat suitability criteria,"chinook, steelhead","spawning, fry rearing, juvenile rearing","Sacramento, Tuolumne, American, Feather and Yuba rivers, Clear Creek","Cobble (75–300 mm), Boulder (> 300 mm), Fine woody vegetation (< 25 mm diameter), Fine woody vegetation + overhead, Branches, Branches + overhead, Log (> 300 mm diameter), Log + overhead , Overhead cover (> 0.6 m above substrate), Undercut bank, Aquatic vegetation, Aquatic vegetation + overhead, Rip-rap",the HSI for each cover group was calculated by dividing the percent of occupied locations in each group by the percent of occupied locations in the group with the highest percent of occupied locations,"reviewed gray literature (agency and consultant reports), snorkeling or scuba, with numbered tags dropped at fish locations",Cover HSC showed consistent optimal HSI values for complex woody cover and undercut banks,"study observed optimal depth, velocity and cover by species and life stage presence",N,3a
PG,2,02_gard_2023b,10.51492/cfwj.109.14,Development of habitat suitability criteria for macroinvertebrate community metrics for use in habitat restoration projects,"macroinvertebrate (baetids, chironomids and hydropsychids)",represent food supply for juvenile salmonids,Sacramento River and Battle Creek,no cover,no cover,"mesohabitat type, depth, velocity and substrate, customized macroinvertebrate Surber sampler","""there is little overlap between macroinvertebrate habitat and juvenile salmonid physical habitat, which is generally slow, shallow with woody cover""",no juvenile salmon,N,"1a, 4"
PG,3,03_maki-petays_2002,10.1139/F01-209,Transferability of habitat suitability criteria of juvenile Atlantic salmon (Salmo salar),Atlantic salmon,juvenile ,"Tenojoki, Simojoki, Pyhäjoki, and Koitajoki, Finnland","no cover - water depth, velocity and substrate composition",no cover,"snorkel survey and electrofishing, depth of water column, mean water velocity, and substratum particle size were recorded for each fish position",the optimal substrate size varied from large pebbles to boulders for salmon <9 cm and from cobbles to large boulders for salmon >9 cm.,"gradient from shallow, low-velocity habitats with coarse substrates to deep, swift currents with finer substrates",N,1a
PG,4,04_kennedy_2014,10.1111/fme.12077,Assessment of a catchmentwide salmon habitat rehabilitation scheme on a drained river system in Northern Ireland,"Atlantic salmon, brown trout",juvenile salmon between 0+ (summer) and 1+ (summer) age classes,"River Main, Northern Ireland",flow deflectors (built from rock and engineered to reduce base width by around 33%) or random boulder addition,"immediately before enhancement work and then again 5 years, including control sites","transects of habitat characteristics (depth, flow velocity and substrate), electrofishing, batch marking","No significant difference was evident in the fry index or 0+ salmon densities between pre-enhancement and postenhancement influenced periods, older salmon parr (>0+) exhibited a general increase in density at enhancement sites after habitat works and showed a significant difference between control and treatment sites post-works, increase in >0+ salmon density at enhanced sites corresponded with observed changes in habitat characteristics (substrate, depth, stream bed cover). 0+ and 1+ trout densities were not significantly different between control and boulder sites but that deflector-enhanced sites had significantly higher densities, >1+ trout higher abundance at both boulder and deflector enhanced sites relative to controls","deflector enhanced sites showed greater diversity in habitat characteristics after 5 years, with nursery, spawning and holding habitat all identified, and flow velocity increased significantly, sites at which boulders was added also showed no significant changes in depth, width and flow velocity but did indicate a significant increase in mean substratum particle size relative to the pre-enhancement assessment",Y,"3a, 3c"
PG,5,05_braaten_1997,10.1002/(SICI)1099-1646(199707)13:4<345::AID-RRR445>3.3.CO;2-0,Development and evaluation of bioenergetic-based habitat suitability criteria for trout,"rainbow trout, Colorado River cutthroat trout","rainbow trout (mean weight 187 g, range 82±322 g), and for Colorado River cutthroat trout (mean weight 16 g, range 8±28 g)","Green River, Colorado",no cover,no cover,compared suitable velocity (literature) applied to metabolic models to presence/observed velocity,habitat suitability criteria was based on net energy gain using velocity (literature) applied to metabolic models,"rainbow trout, as a group, were using energetically profitable stream locations, but some rainbow trout used non-profitable velocities, cutthroat trout used signi®cantly lower velocities than predicted",N,1a
PG,6,06_wilbur_2020,10.1002/rra.3570,Characterizing physical habitat preferences and thermal refuge occupancy of brook trout (Salvelinus fontinalis) and Atlantic salmon (Salmo salar) at high river temperatures,"brook trout, Atlantic salmon",parr,"Cains River, New Brunswick","habitat suitability curves were developed for velocity, temperature, depth, substrate","vegetation, gravel, bedrock, cobble","snorkelling surveys, thermal images to map cold-water anomalies as refugia during higher river temperature periods (>21C).",All fish groups showed a wide range of apparent substrate suitability,"small-bodied trout (8–30 cm) were observed in 80% of the thermal anomalies sampled, 100% of observed large trout (>35 cm) used 30% of the anomalies sampled and required water depths >65 cm within or adjacent to the anomaly. Salmon parr appeared to aggregate at 27C, 59% were found in 65% of the sampled anomalies; and densities were not significantly different within/ outside anomalies.",Y,3c
PG,7,07_brown_2024,10.1080/24705357.2022.2162987,"Chinook Salmon habitat evolution following river restoration, drought, and flood",Chinook Salmon ,spawning and rearing,"Merced River, California",no cover,no cover,"juvenile habitat suitabilty index, water depth and depth-averaged velocity outputs, curves were based on Cramer Fish Sciences (2018).","this study evaluated depth and velocity suitability pre and post restoration, stated importance of cover, but not included in models","restoration, the river channel was rescaled into a mosaic of riffles, pools and lateral bars (floodplain), following restoration, juvenile rearing habitat area more than doubled, increasing by 5.3 hectares, or 261%, compared to pre-project conditions",N,1a
PG,8,08_ahmadi-nedushan_2006,10.1002/rra.918,A review of statistical methods for the evaluation of aquatic habitat suitability for instream flow assessment,NA,NA,NA,NA,NA,NA,NA,literature review of statstical approaches for habitat suitability ,N,5
PG,9,09_conallin_2010,10.1080/15715121003714936,Habitat suitability indices development in Denmark: are international indices applicable under small lowland stream conditions?,brown trout,large parr (7–20 cm in total length),"Langvad stream, Roskilde Fjord, Denmark",no cover,no cover,simulated physical habitat (depth and velocity) versus discharge relationships to calcuate the maximum WUA and the corresponding ‘optimum’ discharge,this study is a comparison of HSI transferability assessments based on a simple hierarchical literature review ranking system and model simulations,"not evlauted, biological and instream site physical (stream size and gradient, discharge) characteristics of a stream were more influential than area (local or international) for transferability of HIS",N,1a
PG,10,10_boessow_2021,10.1002/aqc.3431,Spawning habitat suitability for coastal cutthroat trout: Microhabitat and mesohabitat,cutthroat trout,spawning and incubation,"Skookum Creek, Puget Sound, Washington",no cover,no cover,"redd surveys of pool–riffle sequences, depth, velocity and substrate",juveniles not included,"Redds were distributed nonrandomly in relation to some variables at the microhabitat (depth, velocity, Froude number, and substrate) and mesohabitat scales (secondary and tertiary channel units nearest the HC, the lowest point on the highest ridge across the riffle that controls the water surface elevation in the upstream pool),",N,"1a, 4"
PG,11,11_naman_2020,10.1002/nafm.10411,Exploitation of Velocity Gradients by Sympatric Stream Salmonids: Basic Insights and Implications for Instream Flow Management,"coho, steelhead",juvenile,"Coquitlam River, British Columbia",no cover,"velocity gradients, did not record associations with cover, cobble–boulder-dominated river","snorkel survey, water depth and velocity",velocity gradients significantly influence habitat suitability metrics and the predicted effects of flow on habitat availability,Incorporating adjacent velocities within their foraging area into HSCs resulted in a ~40% (steelhead) and ~10% (Coho Salmon) increase in flows predicted to optimize habitat availability,Y,1b
PG,12,12_moniz_2021,10.1002/rra.3855,Chinook salmon rearing habitat-discharge relationships change as a result of morphodynamic processes,chinook,rearing fry,"Yuba River, California","Vegetation, human-built detritus (e.g., rip-rap, cement blocks), permanent cover features (e.g., bedrock outcrops, weirs, bridge piers), large coble substrate","cover features were digitized into rasters using airborne LiDAR, boat-based field reconnaissance and field surveys","Habitat suitability criteria (HSC) functions for depth, velocity, and cover type","At bankfull discharge, the percentage of area where there was a gain in vegetative cover was over 3x higher in gained microhabitat areas compared to lost microhabitat areas, changes in vegetative cover appeared to play a less significant role in explaining changes in habitat availability compared to changes in channel alignment and hydraulic conditions, particularly at baseflow and flood discharges","channel alignment, hydraulic conditions and vegetation ",Y,3a
PG,13,13_roni_2023,10.1002/tafs.10399,A comparison of methods for estimating juvenile salmon habitat capacity to assist with restoration planning and evaluation,Chinook,juvenile,"Grande Ronde River, Oregon","wood, boulder, fines",methods and models for estimating parr capacity or current abundance from published literature,"model comparisons: spatial stream networks, Quantile random forest, Unit characteristic method, Habitat expansion methods, habitat suitability index","For UCM, scalars with the greatest overall impact on capacity were boulder cover and fine sediment, reduction in parr capacity","habitat expansion approaches, which are based on detailed habitat surveys, appear to be particularly suitable for estimating capacity within a reach",Y,"3a, 3b"
PG,14,14_jelovica_2024,10.1016/j.ecolind.2024.111832,Atlantic salmon habitat-abundance modeling using machine learning methods,Atlantic salmon,juvenile,"Teno catchment, Finland and Norway","organic-silt-sand, gravel, cobble, stone, and boulder, shades types were mainly boulders and sometimes other structures such as large wooden debris, vegetation includes moss, algae, and other plants","substrate types, shade types, vegetation, and shelter index, shelter was estimated by visually identifying all potential interstitial spaces in the substratum","electrofishing, modeled habitat-abundance with Support Vector Regression (SVR), Random Forest (RF), Gradient Boosting (GB), and Support Vector Classification (SVC) and compared their performances","shelter index, algae, boulder shade, stone and organic substrate exhibit higher Pearson Correlation Coefficient values with parr abundance","models incorporating input variables such as substrate, shade, and vegetation demonstrate higher performance",Y,3a
PG,15,15_favrot_2018,10.1002/tafs.10011,Fall and Winter Microhabitat Use and Suitability for Spring Chinook Salmon Parr in a US Pacific Northwest River,chinook,parr,"Catherine Creek, Oregon","“no cover,” large wood (LW), small wood (SW), rootwad, emersed aquatic vegetation, submersed aquatic vegetation, terrestrial vegetation, undercut bank, and boulder","line transect survey of dominant substrate, dominant cover type, distance from cover, and distance from bank",Radiotelemetry of wild fish capture by screw trap,"Large wood, undercut bank, and rootwad were the most suitable cover types in the moderate-gradient reach, while LW was most suitable in the low-gradient reach. Small to moderate distances to cover (0.0–1.5 m) were most suitable in both the moderate- and low-gradient reaches. For both gradient types, distances near the riverbank (0.91–2.73 m) were most suitable.","near-cover coarse and fine substrates were most suitable in the moderateand low-gradient reaches, respectively, co-occurring deep depths supporting slow currents near cover were intensively occupied in the moderate-gradient reach, in the low-gradient reach co-occurring moderate depths, slow currents, and near-bank cover were most frequently occupied ",Y,3a
PG,16,16_heggenes_1990,10.1111/j.1095-8649.1990.tb04325.x,"Seasonal and spatial microhabitat selection and segregation in young Atlantic salmon, Salmo salar L., and brown trout, Salmo trutta L., in a Norwegian river","Atlantic salmon, brown trout",young,"Gjengedalselva River, Norway","any submerged structure (other than substratum) beneath which fish could be hidden from overhead view, undercut banks or overhanging vegetation < 50 cm above the water surface, water surface turbulence or broken water surface","habitat transects measured distance from river bank, total water column depth, surface water velocity, mean water column velocity, substratum composition, percentage cover",diving transects observed habitat selection,"slightly coarser substrates were utilized in summer and a higher degree of cover in winter, Atlantic salmon were found in areas with significantly more cover (primarily surface turbulence)","Water velocity appeared to be the most important variable determining fish position choice, depth was important in the second principal, substratum and cover were of comparatively less importance",Y,3a
PG,18,18_guay_2000,10.1139/cjfas-57-10-2065,Development and validation of numerical habitat models for juveniles of Atlantic salmon (Salmo salar),Atlantic salmon,juvenile,"Sainte Marguerite River, Québec",no cover,no cover,"snorkeling fish observations, water depth, current velocity, substrate size (D50), data was used in validation study","study evaluated the use of habitat probabilistic index (vs HSI) in forcasting fish distribution, habitat modeling","Fish preferentially used depth ranging from 0.3 to 0.7 m, current speeds ranging from 0.60 to 0.75 m·s–1, and substrate composition characterised by D50 values of 3.0–4.5 cm",N,1a
PG,19,19_wondzell_2007,10.1016/j.landurbplan.2006.10.012,"Simulating riparian vegetation and aquatic habitat dynamics in response to natural and anthropogenic disturbance regimes in the Upper Grande Ronde River, Oregon, USA","chinook, steelhead","migration, spawning, summer rearing, winter rearing","Upper Grande Ronde River, Oregon","Pools and pool-structure, shaded channels with cold water, and abundant riparian hardwoods, riffle habitat, deep pools with abundant structure, undercut banks, and clean gravels as well as off-channel habitat",qualitative four-factor habitat suitability scale based on personal experience and available literature,,cover not directly evaluated. Modeled the rate of recovery (different levels of suitability) under passive restoration,"evaluate the effects of natural disturbances and land-use practices, outcomes were channel morphology and riparian vegetation",Y,1b
PG,20,20_beecher_2002,10.1577/1548-8675(2002)022<0785:EODAVP>2.0.CO;2,Evaluation of depth and velocity preferences of juvenile coho salmon in Washington streams,coho,juvenile,"Satsop River, Washington",not described,not described,"snorkeling fish observations, water depth, velocity transects",Incorporation of substrate or cover preference did not improve the prediction of distribution.,preference for depths of 76–100 cm and velocities of 3–6 cm/s,Y,3c
PG,22,22_harrison_2011,10.1029/2009WR008926,"Channel dynamics and habitat development in a meandering, gravel bed river",chinook,spawning and rearing,"Merced River, California",no cover,no cover,"Topographic surveys during two flood events, water surface elevations, sediment flux and channel change, bed elevation, point values of flow depth and vertically averaged velocities","this study estimates changes in prefered habitat with changes in channel morphology, model assumed juveniles prefer very slow moving, deep water found in pools, channel margins, and off‐channel habitats. The decrease in predicted high‐quality juvenile habitat is due to the increased velocities found in pools","lack of low‐velocity refuge zones, sediment‐driven morphological changes (diversify river morphology, which acts to promote flow complexity) might not create bioenergetically favorable habitat for juveniles ",N,1a
PG,23,,,,steelhead,juvenile,"Russian River, California","woody debris, rootwads, overhanging banks, riparian vegetation","Habitat units were assigned a score from 1 to 3 (with 3 representing the highest habitat suitability) based on the availability of instream shelter (e.g., woody debris, rootwads, or overhanging banks) and presence of riparian vegetation cover that provided shade to the stream channel","depletion seineing with block nets in July and October, fish counts of deep pools, modeling of oversummer survival",the effects of summer habitat suitability and the pool habitat types were positive on oversummer survival ,"streamflow (higher:positive), land use (vineyard land cover had a significant negative association with survival, while other land use variables, including road density and rural residential development, did not have a significant effect), and habitat variables (positive), evidence of negative density-dependent effects of early summer fish abundance on oversummer survival",Y,3a
PG,30,,,,"alewives Alosapsuedoharengus,
American sand lances, Atlantic salmon, Atlantic tomcods, common mummichogs, winter flounder, American lobsters, softshell clams","adults, juveniles","Casco Bay, Sheepscot Bay, Maine","predominant substrate (mud, sand, gravel, rock, shell, vegetation) ","values from O to 1 were assigned to ranges of each environmental variable, depending on how favorable the range is for survival, growth, and reproduction","depth, salinity, temperature, substrate, habitat suitability index models ","Substrate and depth were judged to not be relevant for models of the pelagic species, alewives anrl Atlantic salmon, and were dropped from the final models",unclear - complex patterns of habitat use which apparently cannot be completely accounted for using the existing variables,N,1a
PG,46,,,,chinook,egg-to-fry survival,"Lewis River, Washington","riparian tree cover, %coniferous, conifer size","qualitative ratings for shade, pool forming conifer abundance, and large woody debris recruitment provided by riparian vegetation within 60 m of each bank",Egg-to-fry survival for Chinook and coho salmon and steelhead are predicted from empirical relationships derived from meta-analyses of published relationships between percent fine sediment in spawning gravels and survival of eggs to fry,"modeling focused on spawning, cover is used to model a riprian function score, which is an input to sediment and hydrologic models to determin % fine sediment deposited (only variable in egg-to-fry survival) and index of bed scour potential","egg-to-fry survival for Chinook salmon was predicted to be poor in the lower watershed in lower gradient areas where sediment scoured from higher gradients is deposited, and where concentrated roads contribute high levels of sediment",N,"2b, 4"
PG,49,,,,brook trout,11-14 cm,"True Brook, New York",no cover,no cover,"electrofishing, tagging, mark-recapture, depth, velocity, substrate, fish size ","recognized the limitation in the discussion - ""the absence of canopy cover as a habitat parameter within this study may be limiting our interpretation of differential habitat use among difference size classes of Brook Trout within our study streams""","Water depth was the most prominent habitat variable exhibited for Brook Trout habitat use, both size classes were more prevalent in pool habitats and were also found to occupy significantly deeper stream areas when compared to overall habitat availability, larger sized
Brook Trout were observed in significantly deeper stream habitats than younger fish demonstrating varying habitat use among different size-classes",N,1a
PG,50,,,,brook trout,,"Cascapedia River basin, Quebec, Canada","cover index, lareg woody debris, vegetation abundacne index, overhead opening","Abundance of submerged vegetation (moss or macrophytes) and overall availability of structural cover (rocks, woody debris, undercut bank, and overhanging vegetation) were estimated visually and assigned ordinal values reflecting areal coverage (1, ? 5%; 2, 6%–15%; 3, 16%–45%; 4, >45%).","single-pass electrofishing, fish size, water depth and substratum size",brook trout density was greater in sections with more woody debris and cover,"Brook trout density was positively related to woody debris and cover and negatively related to height increment at flood, valley width, and current velocity, but the relationship between brook trout density and current velocity varied markedly across reaches",Y,3a
PG,52,,,,"Redspot Chub , Bluegill, Smallmouth Bass, Northern Hogsucker, Rock Bass, Banded Sculpin, Largemouth Bass, Redhorses, Smallmouth Bass, Creek Chub, Warmouth, Redear Sunfish, Largemouth Bass, Northern Studfish, White Sucker, Spotted Bass, Spotted Sucker, White Crappie",subadult and adult,"Ozar Highlands, Oklahoma, Missouri",percent instream cover,surface coverage of emergent vegetation and large wood,"four-pass tow-barge electrofishing, groundwater flux (predicted thermal equilibrium water temperature against observed water temperature and atmospheric conditions), temperature, wetted channel width, mean thalweg depth, wetted width-todepthratio, wetted
area, bankfull width-to-depth ratio, depth, D50","final model included a bankfull W:D-percent instream cover interaction, species specific response, example - Banded Sculpin, Northern Hogsucker, Redspot Chub, Rock Bass, norther studfish, smallmouth bass occurance increased with increasing instream cover at lower bankfull W:D (relatively deeper, narrower channels)","fish occurance was associated with multiscale instream characteristics including groundwater contribution, an interaction between channel dimensions and the amount of instream cover, and habitat size.",N,4
PG,53,,,,"biomass, no species information","biomass, no life stage information","Alberta, Ontario, Que´bec, New Brunswick, Canada","cobble, boulder, metric boulder, bedrock, macrophyte, periphyton, woody debris, conductivity, temperature, and Secchi disk transparency","sediemnt (clay, silt,sand, gravel, pebble, cobble, boulder, metric boulder, bedrock) and biogenic features (percent coverage of macrophyte, periphyton, woody debris)","depth, velocity, wetted river width, sediment size, biogenic, and physico-chemical features, electrofishing and snorkelling ","Environmental variables such as transparency, woody debris, macrophyte, and PC3 (i.e., third principal component representing sediment size variability within a river) were selected in 26 % of the models","hydraulic conditions at the local scale, and in particular water velocity, were the dominant drivers, bed material sediment size was the second most important group of explanatory variables, biogenic and physico-chemical features explained a smaller fraction of within-river fish distribution patterns than hydraulic and sediment size features",N,4
PG,54,,,,"walleye, lake trout, smallmouth bass, yellow perch, rainbow trout",age-1,"Pine River, Michigan",no cover,no cover,"movement dynamics and growth rate as a function of habitat conditions, mesohabitat units (pool, riffle, run), food, denisty of conspecifics, temperature, tagging studies combined with experimental translocation",multi-species life cycle model comparison,model comparison,N,1a
PG,55,,,,Atlantic salmon,"young-of-the-year, parr, spawning adults","Romaine River, Canada","silt, sand, small gravel, coarse gravel, cobble, rock,boulder, bedrock",substrate diameter was evaluated by visual assessmentof the percentage of coverage of the four main grain sizes from eight categories,"expert opinion consesus to develop model rules, for example, rule #14, “medium substrate size –medium velocity – medium depth” is seen as a combination leading to a high HSI, and WUA–discharge curve",cover was not evaluated ,fish are more likely to be found in habitats with higher modeled HSI values,Y,1b
PG,58,,,,Atlantic salmon,juvenile,"Big Jonathan Brook, Quebec, Canada","presence of instream cover within a 15 cm radius of the location (unembedded rock >20 cm along the major axis, submerged vegetation or woody debris), presence of overhead cover (broken water surface, undercut bank, or overhanging vegetation)",presence of instream and overhead cover,"snorkelling, depth, current velocity, presence of instream and overhead cover, substratum particle size, and distance to stream bank",water greater than about 30 cm depth by active fish and for the presence of rocky cover by resting fish,water depth and the presence of an unembedded rock >20 cm were key predictor variables,Y,3a
PG,24,,,,Atlantic salmon,parr,"Bolstadbekken, Norway","any submerged structure (except substrate) beneath which fish could hide from a view overhead, undercut banks of over hanging vegetation <50 cm above the water surface, and broken water surface","viewing a rope from above, the percentage of the rope that was hidden from view in 10% increments ","stream width, depth, velocity, substratum particle size, hatchery fish (mean total length 30 mm) planted in the stream at 200, 400 and 700 experimental densities, experimental habitat sections electrofished, habitat variables associated with fish position were used to construct habitat-use curves ","surface turbulence was the most important type of cover, use of cover was variable an dfish wer most associated with habtiat areas with a small amount of cover","study parr occupied habitats with mean water velocities in the entire range 0-100 cm s-1, and with the highest densities in the range 20-50 cm s-1, tended to use smaller substrate, in particular cobble, areas with water depths 10-40 cm, ther prefernce zones for mean velocity and cover were wide, but no cover was used much less than would be expected from their availability",Y,3a
PG,25,,,,"chinook, longfinned eel, brown trout, torrentfish, uplandy bully, bluegilled bully",juvenile,"Rakaia River, New Zealand","Substrate:  mud, silt, sand, gravel, small cobbles, large cobbles, boulders , bedrock","cover not included in sampling, but noted for eels","transects, velocity, depth, substrate types, power station sshut down for at least 12 hours to reduce flows (measurements before and after shutdown)","Larger eels prefer deep, slow-flowing channels with cover such as debris clusters or overhanging banks containing submerged riparian growth, WUA decreased by 15-32% when substrate data were included in the analysis except for smaller chinook salmon, which lost 63-65% probably because of their greater preference for relatively large substrates","for eels optimum areas have cobble substrate, 0.5-1.0 m/s velocity, and less than 0.5 m water depth, primary model evaluated changes in WUA with flow, with decreasing discharge, losses of habitat in minor channels are offset by gains in major channels",N,1a
PG,31,,,,"steelhead, chinook","juvenile rearing, outmigration, parr capacity","Eel River, California",scalar based on stream segment i and habitat unit type j,"unit characteristic method for estimating habitat capacity, fish density by unit area of stream habitat, defined by cover, depth, ph, turbidity, drift invertebrates, fines, temperature","spatial stream network model to estimate mean monthly stream temperature, digital elevation model to classify geomorphic channel type, habitat suitability was calculated separately for each life stage of each run based on life-cycle phenology, thermal tolerances, monthly varying temperature, accessibility, channel type, temperature-mediated pikeminnow interaction criteria for juvenile rearing habitat suitability","study modeled at 10 m resolution, qualitative assumptions for productivity, scalled by cover, not directly evaluated","Rearing juveniles were the most impacted by high temperatures due to thermally mediated exposure to pikeminnow, high temperatures along the migration route may have prevented juveniles outmigrating in the summer, but most outmigration likely occurred in the spring, many reaches were warm enough to expose juveniles to an increased risk of pikeminnow interactions, especially from June–September during all year types",Y,2c
PG,32,,,,chinook,juvenile,"Yakima River, Washington","None Present, Cobble (3.0–12.0), Boulder (>12.0), Riparian Vegetation, Woody Debris, other","The study design did not account for differences in the availability of instream object cover among habitat types or study sites. Because cover was highly variable between sample areas, no attempt was made to assign relative suitabilities (HSC curves) to the cover data","stratified random sampling, spring, summer, and fall surveys when juveniles were most likely to be occupying feeding positions, SCUBA or snorkel, bank and cross-sectional transects, fork length, behavior (feeding, holding, resting), velocity","relatively high use of woody debris cover in spring when compared to other seasons is due in part to the small juvenile’s close association with the stream margin (see Distance to Bank), and because woody debris was more common in the upper segment where spring data were collected, juvenile chinook observed during the summer and fall selected focal positions more than 5 ft away from instream cover, winter, an equal proportion of focal positions contained either boulder cover or no cover","size and seasonal-related changes in habitat use, mean depth of focal positions increased by three-fold as juvenile chinook grew, velocities at summer focal positions averaged 5 times greater than velocities during spring, used greater proportions of larger substrates as the season progressed, the relative proportion of boulder substrate increased from 1% in spring, to 5% in summer, to 14% in fall and winter, occupied focal positions close to the substrate after emergence and progressively moved higher off the bottom as they grew, 45%–50% of summer and fall-rearing juveniles selected focal positions that were not in the immediate proximity of instream cover, During winter, most juveniles appeared to be dependent upon bankside cover for daytime hiding even though many nighttime focal positions were in midchannel areas",Y,3a
PG,40,,,,"atlantic salmon, brook trout","overyearling, subyearling, juvenile","Hart Brook, Lake Ontario",not described,cover was quantified at 5% in crements as total available cover within four fish lengths of the location of fish observation ,"depth, water velocity, percent cover, and substrate size, salmon were stocked along a 0.5-km stream section, spot-electrofishing"," during both seasons, all three salmonid groups were associated with more cover than was, on average, present in the study reach","Subyearling Atlantic Salmon used riffles and subyearling trout occupied areas with moderate flow (i.e., <10 cm/s) and at least 20% cover. Overyearling Brook Trout were found in deep pools with substantial cover (>35%).",Y,3a
PG,41,,,,"fish metrics (number of fish species, index of biotic integrity (IBI), and trout biomass)",undescribed,"Aotearoa New Zealand and Southern Ontario, Canada",land cover,"50 m wide riparian buffer, disturbed (agricultural, urban, and forestry land) and natural (native forest, shrub, wetland, gravel and rock) categories","model comparisons: Morphological Quality Index and Qualitative Habitat Evaluation Index (substrate, instream cover, channel morphology, riparian quality and bank erosion, pool and riffle quality, and gradient), fish species presence from online databases","instream cover is a component of a QHEI score, otherwise unclear, no description of instream cover or results ","no relation between the MQI and the proportion of agricultural land in the catchment, while the QHEI was correlated with agricultural land in the riparian zone, highlighting the importance of vegetated riparian buffers in providing fish habitat.",N,4
PG,45,,,,"coho, steelhead",fry,"Chilliwack River, British Columbia",instream large woody debris and rock groyne habitat structures,"Cover, temperature and substrate preferences were assumed to be optimum to simplify results","Pre-flood and post-flood bathymetry pool distributions, analyze pool depth and calculate local shear stress throughout the reach","While temperature and substrate values remain relatively constant and are easily quantifiable, cover values are subjectively determined and may change with riparian vegetation growth in severely disturbed systems. As no set standards are available for cover determination, the gathering of cover data may not be feasible for this type of design analysis.","Pool formation was found to be structure dependent. The area of predicted bed mobility around the structures appeared to coincide moderately with areas of measured scour, at high flows, the fish habitat index used (weighted usable area) increased by 150 percent to 210 percent.",Y,2b
PG,47,,,,steelhead,"subyearling, yearling","Trout Brook, New York","substrate, surface, or overhead cover","percentage of substrate, surface, or overhead cover available for concealment, a radius of about 4 fish-lengths","spot-electrofishing, depth, velocity, substrate, and cover at each fish observation location","Both year classes sought out areas with abundant cover during both seasons; this habitat was limited within the stream reach, during summer, subyearling Steelhead occupied areas with significantly greater depth, velocity, and cover, than was available on average, autumn, subyearling Steelhead occupied areas of significantly greater depth and greater cover than was available on average, summer and autumn, we found yearling Steelhead in areas of greater depth, cover, and substrate size than was available on average",deeper habitats with more available cover,Y,3a
PG,51,,,,"rainbow trout, bull trout",juvenile,"Skagit River, British Columbia, Canada","structurally complex elements (e.g., wood) or overhanging vegetation, substrate over 25 cm",presence,"measurements of physical habitat attributes and invertebrate prey abundance, snorkel observations of habitat use and activity, manipulative experiment of cover designed to test the influence of predation risk on diel habitat use and behaviour, transects of depth, velocity, substrate, and cover, drift nets, placement of open boxes with branches attached to the top","86% of rainbow trout and 100% of bull trout were associated with cover in daylight, then at dusk cover use decreased to 19% of rainbow trout and 32% of bull trout, cover boxes that were placed inmore suitable foraging velocities, had a higher probability of being occupied by rainbow trout, fish foraging in the added cover were smaller than those foraging fish at dusk, no bull trout of any size colonized the cover boxes","At dusk, the overwhelming majority of constrained variance (93%) was driven by increasing total depth, focal depth, and cover, and decreasing substrate size and focal and average velocity, during the day, the primary axis of separation (explaining 88% of the constrained variance) was driven by increasing focal velocity and decreasing average velocity, focal depth, and substrate",Y,3a
PG,57,,,,atlantic salmon,parr,"Sainte-Marguerite River, Québec, Little Southwest Miramichi River, Catamaran Brook, New-Brunswick",no cover,no cover,"snorkeling, depth, velocity, substrate size",no cover,"model comparison, comparing HSI values from data taken at different distance to fish observation, the focal measure taken at the exact location of the fish, gave globally the lowest HSI values and the highest variability, the 10 cm distance providing a slightly better HSI than focal measurements",N,1a
PG,28,,,,"Chum, Sockeye, Chinook, Mountain Whitefish, Rainbow Trout, Mountain Sucker",juvenile,Fraser River ,substrate,"dominant size class, sand, gravel, cobble, large cobble","beach seine and electrofisher, depth, velocity, substrate","cover is assumed, ""effectiveness of turbidity as cover for juvenile salmonids is well documented""","Low velocity habitat <20 cm/s has higher suitability for Chinook 0+, Mountain Whitefish 1+ have a narrower and lower velocity range of maximum suitability compared to other available sources, tream-type Chinook 0+ have a narrower suitability range in shallow water from 20 to 50 cm, as do Mountain Whitefish 0+ with a shallow and narrow suitability from 20 to 40 cm, Ocean/stream-type  Chinook 0+ use sandy habitats in greater proportion to other studies, and 0+/1+ Mountain  Whitefish have higher use of both sandy and gravel habitats",N,1a
